id,name,email,age,location
1,Annika Kane,malattia@hotmail.com,25,
2,Karly Schroeder,ivoibscomcast.net,30,Afghanistan
3,Eden Phelps,gtaylor@yahoo.ca,"""22""",Albania
4,Braden Roach,rtanter@mac.com,19,
5,Essence Gibson,chaki@yahoo.com,"""0050""",American Samoa
6,Mareli Griffin,lukka@icloud.com,16,Andorra
7,Philip Blanchard,snunezlive.com,52,
8,Anderson Powell,jonas@live.com,32,Anguilla
9,Jaylyn Moran,lcheng@comcast.net,16,Antarctica
10,Arnav Wallace,farber@hotmail.com,17,Antigua and Barbuda
11,Willow Gentry,fviegas@verizon.net,"""50""",Argentina
12,Taylor Washington,drolsky@att.net,"""020""""",Armenia
13,Ariella Martin,keutzer@mac.com,20,
14,Jaylynn Dixon,miturria@yahoo.ca,25,Australia
15,Leanna Mason,ryanvm@yahoo.com,26,Austria
16,Haylee Lawson,hoangle@outlook.com,27,Azerbaijan
17,Korbin Torres,quinn@hotmail.com,29,Bahamas
18,Kole Donaldson,jigsaw@gmail.com,31,
19,Carla Hendricks,amichalo@optonline.net,32,Bangladesh
20,Bryce Sanchez,muadip@hotmail.com,50,
21,Raphael Simpson,aprakash@gmail.com,66,Belarus
22,Noelle Rowe,ducasseyahoo.ca,22,Burundi
23,Raphael Sellers,attwood@mac.com,11,Cabo Verde
24,Kellen Snow,marcs@aol.com,199,Cambodia
25,Jeremy Doyle,shrapnull@optonline.net,"""""",Cameroon
26,Brenton Trujillo,sisyphus@sbcglobal.net,52,Canada
27,Rodney Greer,baveja@mac.com,43,
28,Winston Mcdaniel,keijser@me.com,25,Central African Republic
29,Sierra Collins,scottlee@att.net,14,Chad
30,Damaris Maldonado,barlow@optonline.net,99,Chile
31,Anderson Choi,akoblin@mac.com,42,China
32,Adrianna Hess,hyper@me.com,34,
33,Raelynn Gallagher,qrczaklive.com,25,Comoros
34,Sammy Patton,sequin@yahoo.com,66,Colombia
35,Serenity Faulkner,cantu@mac.com,11,Comoros
36,Monserrat Sellers,jkegl@yahoo.com,25,Congo
37,Yadira Mcbride,lukka@outlook.com,24,Cook Islands
38,Jeremiah Bailey,dvdotnet@me.com,23,
39,Porter York,juerd@yahoo.ca,22,
40,Emmy Bradford,fhirsch@aol.com,19,Croatia
41,Lillian Martinez,dhrakar@me.com,22,Cuba
42,Lucian Hughes,eidac@me.com,23,Cura√ßao
43,Pablo Snyder,privcan@verizon.net,25,Cyprus
44,Lilah Riddle,evilopieicloud.com,66,Czechia
45,Kaila Kemp,cremonini@aol.com,"""014""",Ecuador
46,Kenna Baird,yumpy@hotmail.com,22,
47,Tamia Cobb,daveewart@me.com,16,Denmark
48,Nina Branch,williamyahoo.ca,96,Djibouti
49,Azaria Dixon,cparis@gmail.com,33,Dominica
50,Miguel Jenkins,padme@hotmail.com,44,